fieldC1R1,fieldC2R1,fieldC3R1
fieldC1R2,fieldC2R2,fieldC3R2
fieldC1R3,fieldC2R3,fieldC3R3
fieldC1R4,fieldC2R4,fieldC3R4
fieldC1R5,fieldC2R5,fieldC3R5
fieldC1R6,fieldC2R6,fieldC3R6
fieldC1R7,fieldC2R7,fieldC3R7
fieldC1R8,fieldC2R8,fieldC3R8
fieldC1R9,fieldC2R9,fieldC3R9
fieldC1R10,fieldC2R10,fieldC3R10
fieldC1R11,fieldC2R11,fieldC3R11
fieldC1R12,fieldC2R12,fieldC3R12
fieldC1R13,fieldC2R13,fieldC3R13
fieldC1R14,fieldC2R14,fieldC3R14
fieldC1R15,fieldC2R15,fieldC3R15
fieldC1R16,fieldC2R16,fieldC3R16
fieldC1R17,fieldC2R17,fieldC3R17
fieldC1R18,fieldC2R18,fieldC3R18
fieldC1R19,fieldC2R19,fieldC3R19
fieldC1R20,fieldC2R20,fieldC3R20
fieldC1R21,fieldC2R21,fieldC3R21
fieldC1R22,fieldC2R22,fieldC3R22
fieldC1R23,fieldC2R23,fieldC3R23
fieldC1R24,fieldC2R24,fieldC3R24
fieldC1R25,fieldC2R25,fieldC3R25
fieldC1R26,fieldC2R26,fieldC3R26
fieldC1R27,fieldC2R27,fieldC3R27
fieldC1R28,fieldC2R28,fieldC3R28
fieldC1R29,fieldC2R29,fieldC3R29
fieldC1R30,fieldC2R30,fieldC3R30
fieldC1R31,fieldC2R31,fieldC3R31
fieldC1R32,fieldC2R32,fieldC3R32
fieldC1R33,fieldC2R33,fieldC3R33
fieldC1R34,fieldC2R34,fieldC3R34
fieldC1R35,fieldC2R35,fieldC3R35
fieldC1R36,fieldC2R36,fieldC3R36
fieldC1R37,fieldC2R37,fieldC3R37
fieldC1R38,fieldC2R38,fieldC3R38
fieldC1R39,fieldC2R39,fieldC3R39
fieldC1R40,fieldC2R40,fieldC3R40
fieldC1R41,fieldC2R41,fieldC3R41
fieldC1R42,fieldC2R42,fieldC3R42
fieldC1R43,fieldC2R43,fieldC3R43
fieldC1R44,fieldC2R44,fieldC3R44
